# 基本查询

## 1.表的增删改查

CRUD: Create,Retrieve,Update,Delete

### Create

语法：

```mysql
insert [into] 表名 values(..,..,..);
```

eg:

```sql
create table students(
	id int unsigned primary key auto_increment,
	sn int not null unique comment '学号',
	name varchar(20) not null,
	qq varchar(20)
);
```

#### 单行数据+全列插入

```sql
--插入两条数据，value+list数据必须和定义表的列的数量及顺序一致
insert into students values(100,1000,'谈三藏',NULL);
insert into students values(101,10001,'孙玉空','11111');
```

#### 多行数据+指定列插入

```sql
-- 插入两条记录，value_list数据量必须和指定列数量及顺序一致
insert into students(id,sn,name) values
	(102,2001,'曹孟德'),
	(103,2002,'孙仲谋');
```

#### 插入否则更新

由于主键或者唯一键对应的值已经存在而导致插入失败

```mysql
-- 主键冲突
insert into students (id,sn,name)values(100,10010,'唐大师');
ERROR 1062 (23000): Duplicate entry '100' for key 'PRIMARY'

-- 唯一键冲突
insert into students (sn,name)values(2001,'曹操');
ERROR 1062 (23000): Duplicate entry '20001' for key 'sn'
```

可以选择性的进行同步更新操作 语法：

```sql
insert into 表名[(..,..,..)] on duplicate key update column = value [,column = value]..;
```

```sql
insert into students (id,sn,name) values(100,10010,'唐大师')
	on duplicate key update sn = 10010,name = '唐大师';
Query OK,2 row affected(0.47 sec)

-- 0 row affected; 表中有数据，但是冲突数据的值和 update 的值相等
-- 1 row affercted; 表中没有数据，数据被插入
-- 2 row affected; 表中有冲突，并且数据已经被更新

-- 通过MySQL,函数获取受到影响的数据行数
select row_count();
+-------------+ 
| ROW_COUNT() | 
+-------------+ 
|           2 | 
+-------------+ 
1 row in set (0.00 sec
```

#### 替换

主键或者唯一键 没有冲突，则直接插入；

主键或者唯一键如果冲突，则删除后再插入；

```sql
replace into students(sn,name) values(2001,'操啊满');
Query OK, 2 rows affected (0.00 sec)
-- 1 row affected 表中没有数据冲突，数据被插入

--2 row affected 表中没有数据冲突，删除后重新插入
```



### Retrieve

语法

```sql
select
	[distinct]{* | {column [,column]...}}
	[from table_name]
	[where ...]
	[order by column [asc | desc], ...]
	limit ...
```



eg：

```mysql
--创建表 
CREATE TABLE exam_result (    
id INT UNSIGNED PRIMARY KEY AUTO_INCREMENT,    
name VARCHAR(20) NOT NULL COMMENT ' ,'ݷন਍ݶ    
yuwen float DEFAULT 0.0 
    COMMENT '᧍෈౮ᖂ',    
shuxue float DEFAULT 0.0 COMMENT 'හ਍౮ᖂ',    
yingyu float DEFAULT 0.0 COMMENT '᝕᧍౮ᖂ' 
);
--测试数据
INSERT INTO exam_result (name, yuwen, shuxue, yingyu) VALUES    
('唐三藏', 67, 98, 56),    
('孙悟空', 87, 78, 77),    
('猪悟能', 88, 98, 90),    
('曹孟德', 82, 84, 67),    
（'刘玄德',55,85,45）    
('孙权', 70, 73, 78),
（'宋公明',75,65,30）;
```

### select

#### 全列查询

通常情况下，不建议使用 *进行全列查询

1.查询的列过多，意味着需要传输的数据量越大

2.可能会影响到索引的使用

```mysql
select * from exam_result
```

#### 指定列查询

```mysql
select id,name,yingyu from exam_result;
```

#### 查询字段为表达式



**表达式不包含字段**，如上

**表达式包含字段**

```sql
select id,name，yingyu+10 from exam_result;
```

**表达式包含多个字段**

```sql
select id,name,yuwen+shuxu+yingyu from exam_result;
```



#### 为查询结果指定别名

语法：

```sql
select column [as] alias_name [....] from table_name
```



```sql
select id,name,yuwen+shuxu+yingyu as '总分' from exam_result;
```



#### 结果去重

```sql
select distinct shuxue from exal_result
```



### where 条件

比较运算符：

![1564113681075](C:\Users\32183\AppData\Roaming\Typora\typora-user-images\1564113681075.png)

逻辑运算符：

![1564113715294](C:\Users\32183\AppData\Roaming\Typora\typora-user-images\1564113715294.png)



eg:

**英语不及格的同学及英语成绩（<60）**

```
select name,yingyu from exam_result where yingyu < 60;
```



**语文成绩在[80,90]分的同学及语文成绩**

```mysql
select name,yunwen from exam_result where yuwen >= 80 and yuwen <= 90;

select name,yuwen from exam_result where yuwen between 80 and 90;
```

**数学成绩是58或者59或者98或者99分的同学及数学成绩**

```sql
select name,shuxue from exam_result
	where shuxue = 58
    or shuxue = 59
    or shuxue = 98
    or shuxue = 99;
```



```sql
select name,shuxue from exam_reslut where shuxue in (58,59,98,99)
```



**姓孙的同学及孙某人同学**

```sql
select name from exam_result where name like '孙%';
```



```sql
select name from exam_result where name like '孙_'
```



**语文成绩好于英语成绩的同学**

```sql
select nam, yuwen,yingyu from exam_result where yuwen >yingyu
```



**总分在200分以下的同学**

```sql
select name,yuwen+yingyu+shuxue 总分 from exam_result
	where yuwen + yingyu + shuxue < 200;
```



**语文成绩>80并且不姓孙的同学**

```sql
select name,yuwen form exam_result where name not like '孙%' and yuwen > 80;
```



**孙某同学，否则要求总成绩 > 200 并且语文成绩 < 数学成绩 并且 英语成绩 > 80**

```sql
select name ,yuwen,shuxue,yingyu,yuwen+shuxue+yingyu 总分 
from exam_result
where name like '孙%' or (yuwen+yingyu+shuxue > 200 and yuwen <shuxue and yingyu 80
);
```



#### NULL查询



**查询qq号不为空的已知的同学**

```sql
select name ,qq from students where qq is not null
```



**NULL和 NULL比较 = 和 <=>区别**

```sql
select NULL = NULL .NULL = 1 ,NULL = 0;
+-------------+----------+----------+ 
| NULL = NULL | NULL = 1 | NULL = 0 | 
+-------------+----------+----------+ 
|        NULL |     NULL |     NULL | 
+-------------+----------+----------+ 
1 row in set (0.00 sec)
```

```sql
SELECT NULL <=> NULL, NULL <=> 1, NULL <=> 0; 
+---------------+------------+------------+ 
| NULL <=> NULL | NULL <=> 1 | NULL <=> 0 | 
+---------------+------------+------------+
|             1 |          0 |          0 | 
+---------------+------------+------------+ 
1 row in set (0.00 sec
```

=不安全的null <=>安全的=



### 结果排序

语法：

```sql
-- ASC 为升序（从小到大）
-- DESC为降序(从大到小)
--默认为 ASC

select ... from table_name [where ...] 
order by column [asc | desc],[...]
```

**注意：没有Order by 子句的查询，返回的顺序是未定义的，永远不要依赖这个书顺序。**



**同学的数据学成绩，按数学成绩升序显示**

```sql
select name,shuxue from students order by shuxue;
```



**同学的qq号，按照 qq号排序显示**

```sql
-- NULL 是为比谁都小，升序出现在最上面
select name,qq from students order by qq desc
```



**查询同学各门成绩，一次按照数学降序，英语升序，语文升序的方式显示**

多字段排序，排序优先级随书写顺序

```sql
select name shuxue,yingyu,yuwen from exam_result 
order by shuxue desc,yingyu,yuwen;
```



**查询同学及总分，由高到低**

```sql
-- order by 中可以使用表达式

select name ,yuwen+yingyu+shuxue form exam_result
order by yuwen+yingyu+shuxue desc;
```



```sql
-- order by 子句中可以使用列别名
select name ,yunwen+yingyu+shuxue 总分 from exam_result
order by 总分 desc;
```



**查询姓孙的同学或者姓曹的同学的数学成绩，结果按照数学成绩的高低显示**

```sql
-- 结合where子句 order by 子句

select name, shuxue from exam_result
where nam like '孙%' or name like '曹%'
order by shuxue desc
```



### 筛选分页结果

语法：

```sql
-- 起始下标为0
-- 从 0 开始，筛选 n条结果
select ... from table_name [where ...] [order by ...] limit n;

-- 从s开始，筛选n条结果
select ... from table_name [where ...][order by ...] limit s,n;

-- 从s开始，筛选n条结果，比第二种用法更明确
select ... from table_name [where ...][order by ...] limit n offset s;
```

建议：对未知表进行查询时，最好加上一条limit 1,避免因为表数据过大，查询全表数据导致数据库卡死。*只是优化了网络传输，并没有从数据库级别进行了优化*

按id进行分页，每页3条记录，分别显示第1，2，3页

```sql
select id,name,shuxue,yingyu,yuwen from exam_result
order by id limit 3 offset 0;

select id,name,shuxue,yingyu,yuwen from exam_result
order by id limit 3 offset 3;

select id,name,shuxue,yingyu,yuwen from exam_resut
oder by id limit 3 offset 6;
```



### Update

语法：

```sql
update table_name set column = expr [,column = expr ...]
	[where ...][order by ...][limit ...]
```

对查询到的结果进行列值更新



**将孙悟空同学的数学成绩变更为80分**

```sql
-- 查看数据
select name,shuxue,from exam_result where name = '孙悟空';

--数据更新
update exam_result set shuxue = 80 where name = '孙悟空';

--查看更新后的数据
select name,shuxue from exam_result where name = '孙悟空';
```

**将曹孟德同学的数学成绩变更为60分，语文成绩变更为70分**

```sql
update exam_result set shuxue 60, yunwen = 70 where name = '曹孟德';
```

**将总成绩倒数前3名同学的数学成绩加上30分**

```sql
-- 查看数据
select name,shuxue,yuwen+shuxue+yingyu 总分 from exam_result
	order by 总分 limit 3;
-- 数据跟新，不支持 shuxue += 30	
update exam_result set shuxue = shuxue + 30
	order by yuwen+shuxue+yingyu limit 3;
-- 查看跟新后数据
-- 这里可以按总分升序排序取前三吗
select name,shuxue,yuwen+shuxue+yibgyu 总分 from exam_result
	where name in('宋公明'，'刘玄德','曹孟德');
	
-- 按总成绩排序后查询结果
select name,shuxue,yuwen+shuxue+yingwen 总分 from exam_result
	order by 总分 limit 3;
```

**将所有同学的语文成绩更新为原来得到2倍**

注意：更新全表的语句慎用！

```sql
-- 没有 where 子句，则更新全表
-- 查看数据
select * from exam_result;

--数据跟新
update exam_result set yuwen = yuwen * 2;

--查看更新后数据
select * from exam_result;
```

## Delete

**删除数据**

```sql
delete from table_name [where ...][order by ...][limit ...]
```

**删除孙悟空同学的考试成绩**

```sql
delete from exam_result where name = '孙悟空';
```

**删除整张表的数据**

```sql
delete from table_name;
```



### 截断表

语法：

```mysql
truncate [table] table_name;
```

注意：**这个操作慎用**

1. **只能对整表操作**，不能像delect 一样针对部分数据操作。
2. **实际上MySQL不对数据操作，所以比delete更快**。
3. **会重置auto_increment项**



**截断整个表的数据，注意影响行数是0，所以实际上没有对数据真正操作**

```mysql
truncate for_truncate;
Query OK, 0 row affected(0.10 sec)
```



### 插入查询结果

语法:

```sql
insert into table_name[(colunm[,column ...])] select ...
```

**删除表中的重复数据，重复数据只能有一个份**

- 创建一张和原表结构相同的表结构，将表中的数据去重插入到新表中，然后新表改名为旧表

```mysql
-- 创建一张空表，no_duplicate_table 结构和duplicate_table一样
create table no_duplicate_table like duplicate_table;

-- 将duplicate_table 的去重数据插入到 no_duplicate_table
insert into no_duplicate_table select distinct * from duplicate_table;
Query Ok 3 row affected(0.00 sec)
Record: 3 Duplicates: 0 Warnings :0

-- 通过重命名表，实现原子的去重操作
rename table duplicate_table to old_duplicate_table,
	no_duplicate_table to duplicate_table;
```



### 聚合函数

![1564127481649](C:\Users\32183\AppData\Roaming\Typora\typora-user-images\1564127481649.png)

**统计班级共有多少同学**

```mysql
-- 使用*统计，不受NULL影响
select count(*) from students;

-- 使用表达式做统计
select count(1) from students;
```

**统计班级收集的qq号有多少**

```mysql
select count(qq) from students
```

**统计本次考试的数学成绩分数个数**

```mysql
select count(shuxue)from exam_result;
```

**count(distinct shuxue) 统计的数去重成绩数量**

```mysql
select count(distinct shuxue)from exam_result;
```

**统计数据成绩总分**

```mysql
select sum(shuxue) from exam_result;
```

**数学成绩不及格的总分**

```mysql
select sum(shuxue) from exam_result where shuxue < 60;
```

**统计平均分**

```mysql
select avg(yuwen+shuxue+yingyu) 平均总分 from exam_result;
```

**返回英语最高分**

```mysql
select max(yingyu) from exam_result;
```

返回>70分以上的数学最低分

```mysql
select min(shuxue) from exam_result where shuxue > 70; 
```



### group by子句的使用

在select 中使用group by可以对指定进行分组查询

```mysql
select column1,column2,... from table group by column;
```

eg：

- 准备工作，创建一个雇员信息表
  - emp员工表
  - dept部份表
  - salgrade工资等级表
- 如何显示每个部门的平均工资和最高工资

```mysql
select deptno, avg(sql),max(sql) from emp group by deptno
```

- 显示每个部门的每种岗位的平均工资和最低工资

```mysql
select avg(sal),min(sal),job,deptno from emp group by deptno,job;
```

- 显示平均工资低于2000的部门和它的平均工资

  - 统计各个部门的平均工资

    ```mysql
    select avg(sal) from emp group by deptno
    ```

  - having 和 group by配合使用，对group by结果进行过滤

    ```mysql
    select avg(sal) as myavg from emp group by deptno having myavg < 2000
    ```



SQL查询中各个关键字的执行先后顺序

==**from > on> join > where > group by > with > having > select > distinct > order by > limit**==